SYMBOL;CellType
CD1C;DC2 & DC3
FCER1A;DC2 & DC3
CLEC10A;DC2 & DC3
S100A9;DC2 & DC3
S100A8;DC2 & DC3
VCAN;DC2 & DC3
LYZ;DC2 & DC3
ANXA1;DC2 & DC3
CLEC9A;DC1
C1ORF54;DC1
HLA-DPA1;DC1
CADM1;DC1
CAMK2D;DC1
IDO1;DC1
CLNK;DC1
ZNF366;DC1
NDRG2;DC1
XCR1;DC1
SLAMF8;DC1
CD59;DC1
GZMB;pDC
JCHAIN;pDC
IGKC;pDC
SERPINF1;pDC
ITM2C;pDC
IRF7;pDC
TCF4;pDC
BCL11A;pDC
LILRA4;pDC
MZB1;pDC
DERL3;pDC
IL3RA;pDC
ZFAT;pDC
NRP1;pDC
CLEC4C;pDC
IRF8;pDC
SLC15A4;pDC
BLNK;pDC
FCGR3A;DC4
FTL;DC4
SERPINA1;DC4
LST1;DC4
AIF1;DC4
TCF7L2;DC4
IFITM2;DC4
PECAM1;DC4
SIGLEC10;DC4
SLC7A7;DC4
LILRA2;DC4